https://webgate.ec.europa.eu/grow/redisstat/databrowser/product/page/POST_CUBE1_X%24POST_ACC_1,post_acc_1
https://webgate.ec.europa.eu/grow/redisstat/databrowser/product/page/POST_CUBE1_X%24POST_DTR_1,post_dtr_1
https://webgate.ec.europa.eu/grow/redisstat/databrowser/product/page/POST_CUBE1_X%24POST_EMP_1,post_emp_1
https://webgate.ec.europa.eu/grow/redisstat/databrowser/product/page/POST_CUBE1_X%24POST_FIN_1,post_fin_1
https://webgate.ec.europa.eu/grow/redisstat/databrowser/product/page/POST_CUBE1_X%24POST_ITR_1,post_itr_1
https://webgate.ec.europa.eu/grow/redisstat/databrowser/product/page/POST_CUBE1_X%24POST_PRI_1,post_pri_1
https://webgate.ec.europa.eu/grow/redisstat/databrowser/product/page/POST_CUBE_HIST_X%24POST_PS_AC,post_ps_ac
https://webgate.ec.europa.eu/grow/redisstat/databrowser/product/page/POST_CUBE_HIST_X%24POST_PS_EMPN,post_ps_empn
https://webgate.ec.europa.eu/grow/redisstat/databrowser/product/page/POST_CUBE_HIST_X%24POST_PS_LET,post_ps_let
https://webgate.ec.europa.eu/grow/redisstat/databrowser/product/page/POST_CUBE_HIST_X%24POST_PS_PRI,post_ps_pri
https://webgate.ec.europa.eu/grow/redisstat/databrowser/product/page/POST_CUBE_HIST_X%24POST_PS_QS,post_ps_qs
https://webgate.ec.europa.eu/grow/redisstat/databrowser/product/page/POST_CUBE_HIST_X%24POST_PS_TRA,post_ps_tra
https://webgate.ec.europa.eu/grow/redisstat/databrowser/product/page/POST_CUBE_HIST_X%24POST_PS_TUR,post_ps_tur
https://webgate.ec.europa.eu/grow/redisstat/databrowser/product/page/POST_CUBE1_X%24POST_QOS_1,post_qos_1
,